name,image,serving_size,prep_time_in_mins,cook_time_in_mins,ingredients,ingredients_name,ingredients_quantity_gram,is_vegetarian,is_breakfast,is_lunch,is_snack,is_dinner,energy_per_serving_kcal,carbohydrate_per_serving_g,protein_per_serving_g,fat_per_serving_g,fiber_per_serving_g
Chaul Biriyani,https://veganbangla.com/wp-content/uploads/2022/07/fullsizeoutput_1d84.jpeg?w=1024,4,5,55,"250 g of Basmati Rice,60ml Vegetable Oil,2 big Onion – Sliced,2-3 fresh Chili,1/4 tsp Turmeric powder,1/4 tsp Cumin powder,1/4 tsp Coriander powder,1 Bay leaf,1 inch cinnamon stick,2 whole Cardamom,1/4 Cumin seeds,2 tsp fine Salt",,"250,60,300,10,1.25,1.25,1.25,0.5,0.5,0.5,1.25,10",1,0,1,0,1,380.00,58.00,5.40,14.30,3.10
Ruti,https://veganbangla.com/wp-content/uploads/2020/11/fullsizeoutput_1bff.jpeg?w=900,4,15,5,"100ml water,200-250g Whole Wheat Flour,1tsp Salt,1tsp Oil",,"100,250,5,5",1,1,1,0,1,201,40.5,7.3,2.5,5.6
Bhaja Bhat,https://veganbangla.com/wp-content/uploads/2020/07/fullsizeoutput_d9a.jpeg?w=900,3,5,15,"500 g of leftover rice,Veggies,Edamame beans,20ml Vegetable Oil,1 big Onion Sliced, 2-3 fresh Chili and dried chili,1 tbs Cumin seeds (Cuminum cyminum),2 tsp fine Salt",,"500,200,100,20,150,15,15,10",1,1,1,0,1,368,61.7,10.1,9,5.6
Vegetable Khichuri ,https://veganbangla.com/wp-content/uploads/2020/06/fullsizeoutput_c6a.jpeg?w=1024,8,5,50,"500 g of Bashmoti Rice,250g of red Lentil (Mashur Daal/Lens culinaris) or Pulse of your choice,Veggies,60ml Vegetable Oil,1 big Onion – Sliced,2-3 fresh Chili and dried chili,1 tsp Turmeric powder,1tsp Cumin powder ,2 Bay leaf,1 tbs Cumin seeds (Cuminum cyminum),2 tsp fine Salt",,"500,250,400,60,150,15,5,5,2,15,10",1,1,1,0,1,438,76.6,13.7,8.3,5.2
Kalijira Bhorrta,https://veganbangla.com/wp-content/uploads/2024/01/fullsizeoutput_2d1a.jpeg?w=900,4,10,10,"1 cup Nigella seed,1 medium white Onion,1/4 tbs fine Salt,20ml Bangladeshi Mustard Oil,Dried Chili – as desired, Garlic – as desired",,"240,110, 3.75,20,1,10",1,0,1,0,1,185,18.4,6,12.2,4.4
Kathaler Bichi Bhorrta,https://veganbangla.com/wp-content/uploads/2023/09/fullsizeoutput_2a1a.jpeg?w=900,4,30,30,"150g Jackfruit seed- dried and peeled,1 medium white Onion,1/4 tbs fine Salt,20ml Bangladeshi Mustard Oil,Dried Chili – as desired",,"150,110,5,20,1",1,0,1,0,1,126,17.2,3,5.1,1.4
Jaam Alu Bhorrta,https://veganbangla.com/wp-content/uploads/2023/02/fullsizeoutput_2511.jpeg?w=900,4,30,30,"500g Red Potatoes,1 big Onion,1 tbs fine Salt,60ml Bangladeshi Mustard Oil,Dried Chili – as desired,20ml Vegetable Oil to fry",,"500,150,15,60,20",1,0,1,0,1,255,23.9,2.9,17.8,3.6
Dhonia Patar Bhorrta,https://veganbangla.com/wp-content/uploads/2022/10/fullsizeoutput_225b.jpeg?w=900,4,5,5,"Green Coriander leaves -250g,Green Chili- as per taste,Garlic – as per taste,Salt – as per taste,Tamarind – 50g",,"250,10,10,50",1,0,1,0,1,49,11.2,1.87,0.41,2.48
Tishi Bhorrta ,https://veganbangla.com/wp-content/uploads/2022/09/fullsizeoutput_206e.jpeg?w=900,4,15,5,"1 Cup or 250g Linseed,1 big Onion – Very Finely sliced,8-10 Dry Red Chili ,4-5 Cloves of Garlic,5 tbs Mustard Oil,1tsp Salt",,"250,1,8-10,5,75,5",1,0,1,0,1,444,23.4,12.2,36.4,18.1
Begun Bhorrta,https://veganbangla.com/wp-content/uploads/2022/07/fullsizeoutput_1e0d.jpeg?w=1024,5,30,5,"3 Aubergines,1 big white Onion,Few green chilis,Mustard oil,Salt to taste",,"600,100,10,14,5",1,0,1,0,1,93.47,9.64,1.62,6.02,3.56
Peper Jhol,https://veganbangla.com/wp-content/uploads/2023/02/fullsizeoutput_25b3.jpeg?w=900,5,10,40,"1 big green papaya,4-5 big potatoes,1 big onion,1 Tsp Turmeric powder,1 tsp ginger garlic paste,1 tsp coriander powder,1 tsp cumin powder ,1 tsp Nigella seeds,1 tbsp salt1 bay leaf,Green Chilies to taste,oil",,"500,800,100,5,5,5,5,5,15,1,5,10",1,0,1,0,1,188.3,35.7,4.97,4.08,6.23
Alu Mular Shiter Torkari,https://veganbangla.com/wp-content/uploads/2023/06/fullsizeoutput_272a.jpeg?w=900,6,10,35,"1 Half Chinese Radish,4 Medium Potatoes,Half a cauliflower,Edamame beans as desired,40ml Vegetable Oil,1 big onion,1tbs fine Salt,1tsp Turmeric powder,1tsp Coriander powder,1tsp Cumin powder,1tsp Chili powder,1tsp Ginger Paste (or Ginger powder),1tsp,Garlic Paste (or Garlic powder),2-3 green Chili (optional),Fresh Coriander leaves (optional)",,"150,400,500,100,40,150,15,5,5,5,5,5,5,10,10",1,0,1,0,1,166.3,26.7,5.76,5.07,5.68
Daal Borar torkary,https://veganbangla.com/wp-content/uploads/2022/09/fullsizeoutput_2160.jpeg?w=900,6,60,30,"Half of a big head of Cauliflower,2-3 medium Potatoes,250g Red Lentil or Moshur Daal,100ml Vegetable Oil,1tsp Nigella Seeds,1-2 Bay leaves,2-3 Dry Red Chili,2-3 Green Chili,3tbs fine Salt,1tsp Turmeric powder,1tsp Coriander powder,1tsp Cumin powder,1tsp Chili powder,1tsp Ginger Paste (or Ginger powder),Fresh Coriander leaves to taste",,"300,400,250,100,5,1,2,2,5,45,5,5,5,5,10",1,0,1,0,1,199.1,23.2,6.83,10,6.86
Echorer Torkari ,https://veganbangla.com/wp-content/uploads/2022/08/fullsizeoutput_1e0a.jpeg?w=900,2,5,30,"250g of canned Jack-fruit,20ml Vegetable Oil,2 medium white onion,1tbs fine Salt,1tsp Turmeric powder,1tsp Coriander powder,1tsp Cumin powder,1tsp Chili powder,1tsp Gorom Moshla,1tsp Ginger Paste (or Ginger powder),1tsp Garlic Paste (or Garlic powder),2-3 Chili (optional),1 stick of Cinnamon,2-3 Cardamom,1 Bay leaf",,"250,20,200,15,5,5,5,5,5,5,5,5,2,1",1,0,1,0,1,258,49.2,4.76,6.93,5.88
Phulkopir Rosha ,https://veganbangla.com/wp-content/uploads/2020/09/fullsizeoutput_17a9.jpeg?w=900,5,5,30,"1 big head of Cauliflower,2 medium Potatoes,100g Muug Daal,3 tbs Tomato paste or 1 big tomato,20ml Vegetable Oil,1tsp Cumin Seeds,1-2 Bay leaves,2 Green Chili,1tbs fine Salt,1tsp Turmeric powder,1tsp Coriander powder,1tsp Cumin powder,1tsp Chili powder,1tsp Ginger Paste (or Ginger powder)",,"500,250,100,45,20,5,1,5,15,5,5,5,5





",1,0,1,0,1,201.5,35.9,10.55,3.61,9.65
Phulkopir Phulkari,https://veganbangla.com/wp-content/uploads/2020/09/fullsizeoutput_16d6.jpeg?w=900,5,5,30,"1 big head of Cauliflower,2 medium Potatoes,1 can Coconut milk or Coconut paste,40ml Vegetable Oil,1tsp Cumin Seeds,2 Bay leaves,2 Dried Chili,2 Green Chili,1tbs fine Salt,1tsp Turmeric powder,1tsp Coriander powder,1tsp Cumin powder,1tsp Chili powder,1tsp,Ginger Paste (or Ginger powder),Gorom Moshla to sprinkle",,"500,250,400,40,5,1,2,2,15,5,5,5,5",1,0,1,0,1,334.6,27.9,7.5,24.7,8.2
Alu Beguner Torkari,https://veganbangla.com/wp-content/uploads/2020/06/fullsizeoutput_bfb.jpeg?w=900,4,5,35,"1 Medium Aubergine,5 Medium Potatoes,40ml Vegetable Oil,1tbs fine Salt,1tsp Turmeric powder,1tsp Coriander powder,1tsp Cumin powder,1tsp Chili powder,1tsp Ginger Paste (or Ginger powder),1tsp Black Cumin (Nigella Seed),2-3 Chili (optional)",,"200,500,40,15,5,5,5,5,5,5",1,0,1,0,1,225.2,39.65,5.09,6.35,7.57
Pachmishali Sobjir Torkari,https://veganbangla.com/wp-content/uploads/2020/05/fullsizeoutput_755.jpeg?w=900,6,10,25,"1 Medium Cauliflower head,4 Big Potatoes,200 gr Edamame beans,200 gr Long beans,40ml Vegetable Oil,1tbs fine Salt,1tsp Turmeric powder,2-3 Chili (optional),1tbs Pach Phoron (mix of cumin, fennel, fenugreek, nigella, mustard seeds)",,"500,600,200,200,40,15,5,5,15",1,0,1,0,1,228.1,36.01,10.16,6.34,8.38
Labra,https://veganbangla.com/wp-content/uploads/2020/05/fullsizeoutput_84a.jpeg?w=900,6,15,30,"Root Vegetables: Peeled and diced in 2cm,4 medium potatoes,1 big sweet potato,500g carrots(you can add same amount of pumpkin, butternut, turnip),Other veggies:1 big Cauliflower/ Broccoli – Chopped in big florets,1/2 cup Edamame beans/peas,1/2 cup Long,Beans/Flat beans,1 big Aubergine – Diced in 4cm long and 2cm thick,3 medium Tomatoes – Diced in quarters,30ml Vegetable Oil,1 inches Ginger – roughly minced ,2 tsp fine Salt,2-3 dried Chili ,1 tsp Turmeric powder,1 Bay leaf,1 tbs Pach Phoron (seed mix of nigella, cumin, fenugreek, anis and mustard —  you can use either of them if you don’t have Pach Phoron at home)",,"600,300,500,500,80,80,300,300,30,10,10,2,5,1,15",1,0,1,0,1,271.3,52.2,9.63,4.92,13.18
Alu Begun Bhadhakopi Torkari,https://veganbangla.com/wp-content/uploads/2020/04/fullsizeoutput_5ea.jpeg?w=900,4,10,25,"1 Medium Aubergine (also called Brinjal or Eggplant),4 Big Potato,1/4th of a Medium Cabbage head,40ml Vegetable Oil,1big Onion,1tbs fine Salt,1tsp Ginger paste,1tsp Garlic paste,1tsp Turmeric powder,1tsp Gorom Moshla powder,1tsp Chili powder,1tsp Cumin powder,1tsp Coriander powder,2-3 Chili (optional)",,"250,800,200,40,150,15,5,5,5,5,5,5,5,10",1,0,1,0,1,265.3,49.11,6.51,6.41,10.03
Misti Kumra Cholar Daal er Niramish,,6,10,25,"3 cup Pumpkin,1 cup Chickpea (dried and soaked or canned),1 tsp Ginger paste,1 tsp Coriander paste/powder,1/4tsp Black pepper paste/powder,1 tsp turmeric paste/powder,1 tsp chili paste/powder,1 Bay leaf,1/2 teaspoon cumin seed,1/4 teaspoon of Turmeric powder,5 Green Chili,2 Sliced onion ,2 teaspoon Cumin Powder,1/3rd Cup Vegetable oil,1teaspoon Salt",,"720,240,5,5,1.25,5,5,1,2.5,1.25,25,200,10,80,5",1,0,1,0,1,198.6,17.43,4.32,13.44,4.04
Chichinga Ghonto,,4,8,25,"2 Snake Gourd or Chichinga,2 Small Potatoes,100g Muug Daal,1 Dry red Chili,2 Green Chili,1 teaspoon Cumin seed,1 teaspoon Ginger Paste,1 teaspoon Turmeric powder,1 teaspoon Cumin Powder,20ml Vegetable oil,1 tablepoon Salt",,"300,200,100,1,2,5,5,5,5,20,15",1,0,1,0,1,179.5,26.58,8,5.61,5.86
Badhakopi Ghonto,,4,8,25,"250g Cabbage,1 Onion,2 Cloves of Garlic,2 Fresh Chili,1 teaspoon Salt,1 teaspoon of Turmeric powder,10 ml of Oil ,Fresh Coriander leaves to taste",,"250,100,10,10,5,5,10",1,0,1,0,1,52.65,7.52,1.35,2.39,2.34
Sojne Patar Bora,,4,10,30,"Fresh Moringa leaves: 200g,Green Chili- 2/3 pieces,Onion – 1,Beshon(chick pea flour) – 1/4th cup,Wheat flour – 1/4th cup,Salt- 1tsp,Garlic clove – 1 piece,Oil to fry",,"200,10,150,30,30,5,5,50",1,0,1,0,1,166.7,17.53,7.53,8.81,2.49
Echorer Bora,,4,20,15,"Green Jackfruit (Canned or fresh),200ml vegetable oil to fry,150-200g Gram Flour or Chick pea flour or Besan,Half tsp of Turmeric powder,Half tsp of Red Chili powder,Half tsp of Cumin powder,Half tsp of Gorom Moshla powder,1 tsp fine Salt,50g Fresh Coriander,2-3 green chili,1 onion",,"400,200,200,2.5,2.5,2.5,5,5,50,30,100",1,0,1,0,1,352.54,53.54,12.2,11.06,7.07
Pur Bhora Kakrol,,4,20,15,"Spiny Gourd aka Kakrol,200ml vegetable oil to fry ,150-200g Gram Flour or Chick pea flour or Besan,50g of Rice Flour,Half tsp of Turmeric powder,1 tsp fine Salt,200g shreded coconut,50g Fresh Coriander,150g White poppy seeds,2-3 green chili,1 onion",,"200,200,150,50,2.5,5,200,50,150,30,100",1,0,1,0,1,688.1,61.13,20.39,43.12,18.19
Tormujer Khosa diye Daal,,4,10,30,"250g of white parts of watermelon,1 big potato,20ml Vegetable Oil,1 medium white onion,1tbs fine Salt,1tsp Turmeric powder,1tsp Coriander powder,1tsp Cumin powder,2-3 Chili (optional)",,"250,200,20,100,15,5,5,5,6",1,0,1,0,1,120.34,18.14,2.2,5.19,2.75
Lau er Khosa Bhaji,,3,10,20,"Skin of 1 big Bottle Gourd/Lau,20ml Vegetable Oil (Olive/Mustard/Coconut oil, anything will do),1 medium Onion,1 clove Garlic,1tbs fine Salt,1tsp Turmeric powder,2-3 Chili (optional)",,"100,20,100,5,15,5,12",1,0,1,0,1,83.73,7.13,1.06,6.17,1.68
Kachchi Biryani,,8,60,120,"Mutton or Beef,Aromatic rice,Sour yogurt,Ginger paste,Garlic paste,Dried red chili,Nutmeg, Mace,White pepper,Cinnamon,Cardamom,Cloves,Star anise,Raisin,Vegetable oil,Ghee,Potato,Prune,Milk powder,Liquid milk,Fried onion,Black pepper,Caraway,Cashew nuts,Salt",,"1000,400,60,30,30,10,1.5,2,1,3,2,1,1,10,120,30,600,50,30,240,50,1,5,15,20",0,0,1,0,1,896,69.44,40.12,50.88,4.26
Chirar Chop,,4,10,20,"1/2 cup Flatten rice,1/3 cup Chopped onion,1 tsp Chopped green chilies,1/2 tsp Roasted cumin powder,1/2 tsp Roasted coriander powder ,1/4 tsp Turmeric powder ,1/4 tsp Red chili powder,To taste Salt ,To fry Oil",,"40,50,5,2.5,2.5,1.25,1.25,1-2,10-20",1,0,0,1,0,89.36,9.72,1.06,5.4,0.82
Sujir Barfi Halwa ,,4,5,20,"1 cup Semolina,1/2 cup or to taste Sugar,2 tbsp Ghee or clarified butter,2 pcs or 1/4 tsp powder Cardamom ,2 pcs or 1/4 tsp powder Cinnamon,1 and 1/2 cup Liquid milk or water,Just a pinch Salt",,"150,100,30,1,1,360,0.5",1,1,0,1,0,347.45,58.66,8.18,8.82,1.76
Ilish Polao,,5,20,45,"Hilsa fish – 600g,Normal rice – 300g,Chopped onion – 100g,Green chilies – 20g,Vegetable oil – 2 tbsp,Turmeric powder,Coconut milk,Salt – to taste",,"600,300,100,20,30,5,240",0,0,1,0,1,1061,73.65,42.9,67.05,4.09
Palm Cake,,4,20,30,"1 cup Palm pulp,2 cups Rice flour,1/2 cup All purpose flour ,3/4 cup Sugar ,To taste Salt,For deep fry Oil",,"250,240,60,150,5,200",1,1,0,1,0,574.93,113.5,5.45,10.87,2.03
Beef Tehari ,,4,40,90,"500 gm Aromatic rice (Basmati/Kalojeera/Chinigura) ,700 gm Beef ,1/2 cup Sour yoghurt ,1 tsp each Ginger-garlic pastes ,1 tbsp Papaya paste,1/2 cup Chopped onion ,15 pcs Green chili,1/2 cup Mustard oil ,2 tbsp Ghee,2 tsp to taste Sugar ,8/10 pcs Raisin ,To taste Salt",,"500,700,125,10,15,75,60,100,30,10,20,5",0,0,1,0,1,1045.42,109.18,55.88,43.19,2.32
Egg Biryani ,,5,20,60,"5 pcs Boiled eggs,6 pcs Large potato pieces,1 cup Chopped onion,1 tbsp Ginger-garlic pastes ,1/2 packet Ready-made biriyani masala,2 tsp or to taste Sugar,4 pcs Green chilies ,10/12 pcs Raisins ,2 tsp Ghee ,1/2 cup Oil ,2 cups or 500 gm Chinigura/aromatic rice ,To taste Salt",,"250,300,150,15,25,10,16,20,10,100,500,10",1,0,1,0,1,652.33,106.7,17.38,16.96,4.41
Pulao,,6,30,45,"3 cups Aromatic rice (Kalojeera/Chinigura),1 tsp each Ginger-garlic pastes,2 tbsp Chopped onion,1 pc Bay leaf,3 pcs Cinnamon ,4 pcs Cardamom,4/5 pcs Cloves,7/8 pcs Black pepper,1 cup Hot liquid milk,5 cups Hot water ,1/2 cup Vegetable/soybean oil,3 tbsp,Ghee/clarified butter,4/5 pcs Green chilies,To taste Sugar ,To taste Salt,8/10 pcs Raisin ,As required Crispy fried onion/beresta,As required Boiled peas (optional)",,"750,10,30,1,3,2,1,2,240,1200,100,45,20,10,10,20,50,100",1,0,1,0,1,530.25,92.85,9.58,12.89,2.67
Bhapa Pitha,,4,40,60,"2 cups Rice flour ,1 cup Grated coconut,1 cup Jaggery ,To taste Salt",,"240,90,150,5",1,1,0,1,0,442.88,88.42,4.49,8.17,3.02
Fried Rice ,,4,30,30,"1 cup Chinigura/aromatic rice ,200 gm Shrimp,1/2 cup Chopped cabbage,1/2 cup Chopped carrot,1/2 cup Chopped capsicum ,1/2 cup Chopped onion,4-5 pcs Chopped green chilies ,2 tbsp Chopped green onion,1/4 tsp each Ginger-garlic pastes,2 tbsp Vegetable oil/butter,1/2 tsp Black pepper powder,1 tbsp Soy sauce ,2 pcs Egg,To taste Salt,To taste Sugar",,"125,200,50,60,50,80,20,10,2.5,30,2.5,15,100,5,5",0,0,1,0,1,377.14,47.59,20.36,11.55,2.14
Chitoi Pitha,,6,30,30,"1 cup Chinigura/kalijeera rice ,1/2 cup Normal rice,2 tbsp Scraped coconut (optional),1 & 1/2 cups Lukewarm water ,1 tsp Vegetable/soybean oil,1 tsp Water,To taste Salt",,"125,100,15,360,5,5,5",1,1,0,1,0,197.45,40.3,3.57,1.95,0.83
Vuna Khichuri,,6,15,45,"500 gm Normal rice,200 gm Chickpea dal,1/2 cup Vegetable/soybean oil,2 tbsp Ghee,1/2 tsp Black cumin (Shahi jeera),2 pcs Bay leaves,4 pcs each Whole cinnamon & cardamom,1/2 cup Chopped onion,1 tbsp each Garlic-ginger pastes,1 tsp Cumin powder,1 tsp Turmeric powder,4-5 pcs Whole green chilies,1 tbsp Dried red chili powder,As required Crispy fried onion/beresta,To taste Salt,4 pcs Cloves,5-6 pcs Black pepper,1/2 tsp Nutmeg-mace paste",,"500,200,120,30,2.5,0.5,2,1,80,15,5,5,20,15,50,5,1,1,2.5",1,0,1,0,1,721.42,96.71,13.58,31.59,8.65
Zarda,,8,20,30,"2 cups Aromatic rice (Kalojeera/Chinigura),1 cup Sugar,2 pcs Bay leaves,2 pcs Cinnamon,5-6 pcs Cloves,1/2 tsp Cardamom powder,1/2 cup Ghee,As required Dry fruits (Nuts, raisins etc.),As required Confiture (Morobba),1 tsp Food color (Orange/Egg Yolk)",,"400,200,0.5,1,1,2.5,120,50,50,5",1,0,1,0,1,460.14,69.9,4.31,18.31,1.36
Butter Cookie ,,4,20,30,"1/2 cup Salted Butter,1/2 cup Powdered sugar,1 pc \Egg yolk,1/2 tsp Vanilla extract,1 cup Wheat flour,2 tbsp Corn flour,2 tbsp Milk powder,1 tsp Baking powder",,"115,60,17,2.5,120,30,30,5",1,1,0,1,0,433.24,43.31,5.14,26.9,0.85
Fulko Luchi,,5,40,20,"1 cup Flour,1/2 tsp Sugar,To taste Salt,One & half cups/as per requirement Soybean/vegetable oil",,"120,2.5,5,360",1,1,0,1,0,301.46,18.81,2.47,24.24,0.65
Chocolate Cake,,6,20,30,"2 pcs Egg,1 cup Flour,1/4 cup Cocoa powder,1 tbsp Milk powder,1 tsp Baking powder,1/4 tsp Baking soda,3/4 cup Sugar,2 tbsp Oil,1 tsp Vanilla essence,1 tbsp Butter,1/2 cup Liquid milk",,"100,120,30,15,5,1.25,150,30,5,15,120",1,0,0,1,0,295.92,45.67,7.04,10.89,2.03
Shahi Tukra,,4,10,20,"6 pcs Bread,2 cups Liquid milk,2 tbsp Powder milk,1 tsp Custard powder,1/4 cup Sugar,1/4 tsp Cardamom powder,1/2 cup Ghee,As required Mixed dry nuts",,"180,480,30,5,50,1,100,50





",1,0,0,1,0,557.52,46.43,10.65,36.91,1.64
Milk Cookies,,4,20,30,"1 tbsp Butter,2 tbsp Icing sugar,1/4 cup Corn flour,2 tbsp Flour,1/4 cup Milk powder,1/2 tsp Baking powder,2 tsp Liquid milk",,"15,30,30,15,30,2.5,10",1,0,0,1,0,136.11,20.35,2.53,4.91,0.18
Milk Bun,,4,150,25,"1.5 cups Flour,2 tbsp Milk powder,1/2 tbsp Dry yeast,1 tbsp Sugar,1 tsp or to taste Salt,1 pc Beaten egg,1/2 cup Melted butter",,"180,30,7.5,15,5,50,120",1,1,0,1,0,439.77,39.82,8.71,27.59,1.65
Cupcake,,1,10,2,"3 tbsp Wheat flour,2 tbsp Sugar,2 tbsp Vegetable oil/butter,1 tbsp Cocoa powder,3 tbsp Liquid milk,1/4 tsp Baking powder,Just a pinch Baking soda,1 tsp Chocolate chips",,"45,30,30,15,45,1.25,0.5,5",1,1,0,1,0,529.27,58.81,5.69,32.72,3.05
Paratha,,2,15,20,"1 cup Wheat flour,1 tbsp Milk powder,1/2 tsp Sugar,To taste Salt,To fry Oil",,"120,15,2.5,5,200",1,1,0,1,0,351.32,50.1,8.28,12.74,1.62
Garlic Bread,,4,120,20,"1 cup Wheat flour,1 tsp Dry yeast,As required Warm milk or water,2 tbsp Oil,1 tsp Sugar,To taste Salt,1 tbsp Butter,1 tbsp Chopped garlic,2 tbsp Coriander leaves,As required Grated cheese,As required Chili flakes,As required Italian mixed herb",,"120,5,240,30,5,5,15,8,10,50,2,2",1,0,0,1,0,233.61,25.62,4.98,12.44,1.34
Malai Cake,,4,30,40,"1 cup Wheat flour,3 pcs Eggs,1/2 cup for cake, 1/4 cup for malai Sugar,1/3 cup Oil,1 tsp Baking powder,2 tbsp Powder milk,3 cups Liquid milk,1/4 tsp Cardamom powder,As required Chopped dried nuts & fruits",,"120,150,100,50,80,5,30,720,1,50





",1,0,0,1,0,334.14,39,8.55,15.25,0.81
Pizza,,4,20,30,"1 cup Flour,1 tsp Sugar,1 tsp Instant dry yeast,2 tbsp Oil,To taste Tomato sauce/pizza sauce,As required Grated cheese,As required Capsicum,As required Chopped onion,As required Sausage,As required Mixed herbs,As required Chili flakes,To taste Salt",,"120,5,5,30,50,100,50,50,100,5,3,5





",0,0,0,1,0,243.69,26.38,6.54,12.49,1.5
Mughlai Paratha,,2,30,20,"1 cup Wheat flour,1 pc Egg,1/2 cup Chopped onion,1 tsp Chopped green chili,1 tbsp Coriander leaves,1/2 tsp Roasted cumin powder,To deep fry Oil,To taste Salt",,"120,50,60,5,5,2.5,200,5",1,0,0,1,0,502.16,49.32,10.68,29.22,2.28
Vanilla Cake,,4,20,50,"1/2 cup All purpose flour,1 tsp Baking powder,2 pcs Egg,1/2 cup Sugar,1/4 cup Oil/ butter,1 tsp Vanilla essence",,"60,5,100,100,60,5






",1,0,0,1,0,334.14,37.24,5.45,18.45,0.41
Aloo Paratha,,4,30,20,"1 and 1/2 cups Wheat flour,1 cup Boiled potato,1 tsp Chopped onion,1 tsp Chopped green chilies,1 pc Roasted/fried dried chili,1 tbsp Chopped coriander leaves,1/2 tsp Roasted cumin powder,1/2 tbsp Roasted coriander powder,1/2 tsp Chat masala powder (optional),To fry Ghee/butter/oil,To taste Salt",,"180,200,5,5,2,5,2.5,7.5,2.5,200",1,1,0,1,0,305.64,45.81,5.89,10.76,2.48
Egg Pizza Sandwich,,2,10,10,"1 pc Egg,4 pcs Bread slices,As required Grated cheese,As required Chopped sweet chili/capsicum/tomato/cucumber,As required Chili flakes,As required Oregano-parsley,As required Butter,To taste Salt",,"50,120,50,50,5,5,20,5",1,1,0,1,0,325.67,32.19,13.4,16.07,2.32
Banana Cake,,4,30,60,"2 pcs Well ripen banana,1 cup Wheat flour,2 pcs Egg,1/2 cup Sugar,1/2 cup Oil/butter,1 tsp Baking powder,1/2 tsp Baking soda,1/2 cup Liquid milk,1 tsp Vanilla essence",,"200,120,100,100,120,5,2.5,120,5",1,0,0,1,0,453.85,63.63,8.66,19.08,2.34
Dal Poori ,,6,30,15,"1/2 cup Lentil,5 pcs Fried red chili,1 tbsp Chopped coriander leaves (Optional),To taste Salt,1 & 1/2 cups Flour,For deep frying Vegetable/soybean oil,1 tbsp Vegetable/soybean oil,A pinch Turmeric powder,As required Water",,"100,20,5,180,200,15,0.5,240",1,0,0,1,0,242.10,26.80,4.72,13.00,2.39
Egg Sandwich,,2,10,20,"8 pcs Bread slices,2 pcs Hard boiled eggs,1 tbsp Chopped onion,1/2 tsp Chopped green chilies,2 tbsp Chopped cucumber,1 tbsp Tomato sauce,2 tbsp Mayonnaise,1/4 cup Butter,To taste Salt",,"240,100,10,2,20,15,30,60,5",1,1,0,1,0,734,61.28,19.08,46.07,3.53
Chicken Bun,,7,60,45,"500 gm Boneless minced chicken,1 tsp each Ginger-garlic pastes,1/2 tsp Black pepper powder,1 tsp Soy-sauce,2 tbsp Choped onion,1 tsp Chopped green chilies,1 tsp Tomato sauce,1 tbsp Vegetable/soybean oil,To taste Salt",,"500,5,1,5,20,4,5,15,5",0,0,0,1,0,193.71,0.89,19.65,11.89,0.2
Maltova Cake,,6,30,45,"3 pcs Egg,3/4 cup Wheat flour,1/2 cup Maltova,1 tsp Baking powder,1/2 cup Sugar,1/2 cup Vegetable/soybean oil,1/2 tsp Vanilla essence,As required Dry fruits (Nuts, raisins, confiture/morobba etc.)",,"150,90,50,5,100,100,15",1,0,0,1,0,310.92,38.71,6.55,15,0.78
Murighonto,,6,30,40,"1 cup Mung Dal,1 pc Big fish head (Rohu/Katla),2 pcs Bay leaves,5 pcs Cloves,5 pcs Black pepper,1/2 cup Chopped onion,1 tbsp Ginger-garlic pastes,1 tsp Cumin powder,1 tsp Red chili powder,1/4 tsp Cardamom powder,1/2 tsp Cinnamon powder,1/2 tsp,Coriander powder,1 tsp Turmeric powder,To taste Salt,5-6 pcs Green chilies,1/2 cup Cooking oil,1/2 tsp Roasted cinnamon, cardamom & cumin powders",,"200,500,1,1,1,75,15,5,5,1,2.5,2.5,5,5,20,100,2.5





",0,0,1,0,1,352.69,22.92,15.36,22.59,6.54
Jessore Jolojog Style Dal,,6,30,40,"1 cup Chick pea or gram,3 tbsp Vegetable/soybean oil,1 pc Potato, cut into small pieces,2 pcs Cinnamon,1 pc Cardamom,4 pcs Dried red chili, cut into half,1 tsp Panch foron (Special 5 spices mix),As required Water,To taste Salt,To taste Sugar,1/2 tsp Ginger paste,1/2 tsp Turmeric powder,1/2 tsp Cumin powder,1 tsp Corn flour,2 pcs Green chili",,"200,45,200,2,1,2,5,500-750,0,0,2.5,2.5,2.5,5,8",1,0,1,0,1,153.48,16.32,3.75,8.65,3.61
Chotpoti,,6,10,30,"250 gm Gram,1 tbsp Chopped onion,1/2 tsp Garlic paste,1/2 tsp Ginger paste,1/2 tsp Turmeric powder (optional),1/2 tsp Cumin powder,2 tbsp Vegetable/soybean oil',1/2 tsp Cinnamon powder,To taste Salt,1/2 tsp Cardamom powder,As per requirement Water,1 pc Potato (medium sized, optional),6-7 pcs Sliced green chilies",,"250,15,2.5,2.5,2.5,2.5,30,2.5,0,2.5,200,12",1,0,0,1,0,141.44,17.96,4.43,6.25,4.12
Mung Dal with Fat,,6,20,40,"1 cup or 250 gm Mung dal,200 gm Mutton/beef fat,1 pc Potato (Medium size),1 tsp each Ginger-garlic paste,1/3 cup Chopped onions,1/2 tsp Mace-nutmeg paste,1 tsp Cumin powder,1 tsp Turmeric powder,1/2 tsp Cinnamon powder,1/2 tsp Cardamom powder,2 pcs Bay leaves,4/5 pcs Cloves,1/2 tsp Black cumin ""Shahi jeera""',4/5 pcs Green chili,1/3 cup Vegetable/soybean oil,To taste Salt,1/2 tsp Roasted cumin powder,1/2 tsp Roasted cinnamon-cardamom powder (Optional)",,"250,200,200,10,50,2.5,2.5,2.5,2.5,2.5,1,1,2.5,8,40,5,2.5,2.5",0,0,1,0,1,567.79,32.52,11.02,45.64,8.28
Moshur Daler Bora,,5,20,15,"1 cup Lentils,1 cup Chopped onion,1 tbsp Chopped green chili,1 tsp Cumin powder,1/2 tsp Tumeric powder,1 tsp each Ginger-garlic paste,To taste Salt,To fry Vagetable/soybean oil",,"200,100,5,2.5,1.25,10,5,20",1,0,1,1,1,119.55,12.25,4.25,6.45,3.97
Begun Ghanto,,4,10,20,"1 pc Brinjal/eggplant/aubergine (Large size),1 pc Potato (Medium size),5-6 pcs Dal Bori (Pellets made locally with dal & ash gourd),2 tbsp Chopped onion,1tsp Chopped garlic,2-3 pcs Dried red chili,3-4 pcs Green chili,1/2 tsp Turmeric powder,1 tsp Cumin,2 tbsp Vegetable oil,2 piece Bay leaves,To taste Salt",,"300,150,50,30,5,2,10,1.25,2.5,30,1,5",1,0,1,0,1,177.41,23.47,4.4,8.56,6.01
Dal Khashi Recipe,,8,15,30,"1 kg Mutton (with bone or boneless),250 gm Mung dal,1/2 cup Chopped onion,1 tbsp Ginger paste,1 tbsp Garlic paste,1 tsp Cumin powder,1 tbsp Dried red chili powder,1 tsp Turmeric powder,1/2 tsp Nutmeg powder,A small pc Mace,4 pcs Clove,3 pcs Bay leaves,1/2 tsp Cinnamon powder,1/2 tsp Cardamom powder,1/2 cup Vegetable/soybean oil,1 tsp Roasted spices powder (Cumin, cinnamon & cardamom),To taste Salt",,"1000,250,75,15,15,2.5,15,2.5,1,0.5,1,1,1,100,2.5,5",0,0,1,0,1,574.75,22.23,40.04,36.66,6.31
Chicken Chow Mein,,2,20,15,"2 packets Noodles,100 gm Boneless chicken,As required Vegetables,1/4 tsp Chopped garlic,1 tsp Chopped green chilies,1 tbsp Soy sauce,1 tbsp Tomato ketchup,1 tsp Black pepper powder,2 tbsp Oil,1 tbsp Butter,To taste Sugar (Optional),To taste Salt,1 tbsp Oyster sauce (Optional)",,"400,100,200,1,5,15,15,2.5,30,15,5,5,15",0,0,1,1,1,465.16,38.26,22.08,24.69,1.84
Chicken Noodle Soup,,4,10,20,"2 packets Noodles,1/2 tsp Ginger-garlic paste,1 tbsp Oil/ butter,1 tsp Chopped green chilies,1/2 cup Boneless chicken,1/4 tsp Black pepper powder,1/2 tsp Red chili powder,2 tbsp Tomato sauce,As required Vegetables,To taste Salt",,"400,2.5,30,5,100,0.5,1,30,200,5",0,0,1,1,1,151.28,16.37,8.55,5.56,0.54
Spicy Chicken Fry,,4,120,30,"400 gm Chicken,1 tsp each Ginger-garlic pastes,1 tsp Black pepper powder,1 & 1/2 tsp Red chili powder,1/2 tsp Chili flakes,1tsp Soy sauce,1/2 tsp Italian mixed herb,1 cup Wheat flour,2 tbsp Corn flour,To fry Oil,To taste Salt",,"400,5,2,3,1,5,1,120,15,50,5",0,0,1,1,1,448.29,31.99,34.73,19.36,1.98
Spicy Chicken Spaghetti,,4,30,20,"250 gm Spaghetti,1/2 cup Minced chicken,2 tbsp Butter,1 tsp Chopped garlic,1/2 tsp Chili flakes,2 tbsp Chopped capsicum/bell pepper,As required Oregano-parsley,1/2 cup Grated cheese,1/2 cup Tomato sauce,1 tsp Soy sauce (dark/light),1 tsp Oyster sauce,1 tsp Cooking oil,To taste Salt,To boil Water",,"250,100,30,5,1,30,1,50,120,5,5,5,5,400",0,0,1,1,1,314.95,28.76,17.47,14.16,1.62
Chicken Roast,,4,30,30,"1 kg Whole chicken,1/2 cup Vegetable oil,2 tbsp Ghee,1/2 cup Chopped onion,2 tbsp Crispy fried onion/beresta (optional),1 tsp Sugar,2 tbsp Powder Milk,To taste Salt,2 pcs Bay leaves,1/2 tbsp Caraway/sha-jeera,6-7 pcs Raisin,3-4 pcs Prunes/alu bokhara',1/2 cup Sour yogurt,1 and 1/2 tbsp Ginger-garlic pastes,3 tbsp Cashew nut paste,1 tbsp Dried red chili powder,2 sticks Cinnamon (long),6 pcs Cardamom,5-6 pcs Cloves,1/2 tsp Black pepper,1/2 pc Nutmeg,2 pcs Mace,1/2 tsp White pepper",,"1000,60,30,80,15,5,30,5,1,7.5,10,20,120,15,30,5,5,2,2.5,3,2,2.5",0,0,1,0,1,1085.67,20.68,76.06,77.93,4.49
Kathi Kabab,,4,20,15,"250 gm Boneless beef/mutton/chicken,1 tbsp Onion paste,1 tsp Ginger-garlic pastes,1/2 tsp Cumin powder,1 tsp Red chili powder,1/2 tsp each Cardamom-cinnamon powders,1 tsp Kabab masala,1 tbsp Vegetable/soybean oil,1 tsp Butter,To taste Salt",,"250,15,5,2.5,5,2.5,2.5,5,15,15,5",0,0,1,1,1,213.72,3.03,17.64,13.77,1.22
Chicken Curry,,6,20,40,"600 gm Chicken,4 pcs Potato, medium,2 tbsp Chopped onion,1 tbsp Garlic cloves,1 tbsp Chopped ginger,1 tsp Whole or crushed cumin,1 tsp Turmeric powder,6-7 pcs or to taste Dried red chili,3 pcs Cinnamon,3 pcs Cardamom,4-5 pcs Cloves,2 pcs Bay leaves,2,tbsp Soybean oil,1 tbsp Mustard oil,To taste Salt",,"600,600,30,15,15,5,5,5,3,1,1,1,30,15,5",0,0,1,0,1,415.24,24.8,30,21.78,3.39
Chicken Jhal Fry,,4,20,30,"600 gm Chicken,1 tsp each Ginger-garlic pastes,1 tbsp Red chili powder,1 tsp Cumin powder,1 tsp Turmeric powder,2 pcs Cinnamon,2 pcs Cardamom,2 pcs Cloves,2 pcs Bay leaves,3 tbsp Vegetable/Soybean oil,2 pcs Tomato,To taste Salt,1/3 cup Chopped onion,1/2 tsp Roasted cumin powder",,"600,10,15,5,5,2,1,0.5,1,45,100,5,50,2.5",0,0,1,1,1,622.86,37.2,45,32.68,5.09
Fulkopi Diye Murgir Mangsho,,6,20,30,"1 pc Cauliflower, medium size,800 gm Chicken,2 pcs Potato,1/2 cup Chopped onion,1 tsp Ginger paste,1/2 tsp Garlic paste,1 tsp Cumin powder,1 pc Bay leaf,2 pcs Cinnamon,2 pcs Cardamom,1 tsp Turmeric powder,1 tsp Dried red chili powder,1 tsp Roasted spices powder (Cinnamon, cardamom & cumin),3 tbsp Vegetable/soybean oil,To taste Salt",,"400,800,300,80,5,2.5,5,0.5,2,1,5,5,5,45,5",0,0,1,0,1,460.65,16.52,38.88,26.28,3.06
Mogoj Vuna,,4,20,20,"400 Beef brain,2 tbsp Chopped onion,1 pc Bay leaf,1/2 tsp Cinnamon powder,1/2 tsp Cardamom powder,1/2 tsp each Ginger-garlic pastes,1 tsp Dried red chili powder,1/2 tsp Turmeric powder,1/4 tsp Black pepper powder,1/2 tsp Cumin powder,3 tbsp Vegetable/soybean oil,3/4 pcs Green chilies,To taste Salt",,"400,30,0.5,2.5,2.5,5,5,2.5,1.25,2.5,45,10,5",0,0,1,0,1,259.62,4.68,12.89,21.19,1.34
Gorur Matha Vuna,,4,20,30,"1 pc Cow head, large,1/3 cup Chopped onion,1 tsp each Ginger-garlic pastes,1 tbsp Red chili powder,1 tsp Cumin powder,1 tsp Turmeric powder,3 pcs Cinnamon,4 pcs Cardamom,2 pcs Bay leaves,5-6 pcs Cloves,5-6 pcs Black pepper,1/2 cup Soybean oil,To taste Salt,As required Roasted cumin powder",,"500,50,10,15,5,5,6,2,1,1.5,2,120,5,5",0,0,1,0,1,853.13,7.99,75.96,58.88,3.11
Gorur Mangsho Alu Diye,,6,20,40,"1 kg Beef,1/2 cup Vegetable oil,1/2 cup chopped onion,1/2 tbsp Garlic paste,1/2 tbsp Ginger paste,2 tsp Dried red chili powder,2 pcs Bay leaves,3-4 pcs Cloves,1/2 tsp Coriander powder,1 tsp Cumin powder,1 tsp Turmeric powder,1/2 tsp Roasted cinnamon powder,1/2 tsp Roasted cardamom powder,1/2 tsp Roasted cumin powder,2 pcs Potatoes (Medium in size),A pinch Turmeric or saffron powder,5-6 pcs Black pepper,2-3 pcs Cinnamon,3-4 pcs Cardamom",,"1000,120,80,7.5,7.5,10,1,1,2.5,5,5,2.5,2.5,2.5,200,0.5,3,5,3",0,0,1,0,1,666.02,16.12,45.45,51.68,3.27
Handi Kebab,,5,15,20,"300 gm Beef/mutton,1 tbsp Onion paste,1 tsp each Ginger-garlic paste,2 tbsp Papaya paste,1/2 cup Sour yogurt,1/2 tsp Nutmeg-mace paste',1 tsp Tomato sauce,1/2 tsp Cardamom powder,1/2 tsp Coriander powder,1 tsp Cumin powder,1 tbsp Red chili powder,4,tbsp Vegetable/Soybean oil,3-4 pcs Cinnamon,3-4 pcs Cloves,2 pcs Bay leaves,To taste Salt",,"300,15,10,30,120,2.5,5,2.5,2.5,5,15,60,3,3,2",0,0,1,1,1,301.33,6.99,18.97,24.26,2.25
Bot Vaja,,4,20,20,"500 gm Beef tripe,1 pc Potato (Medium size),1/3 cup Chopped onion,1 tsp each Chopped ginger & garlic,4/5 pcs Dried red chili,3/4 pcs Cinnamon,3 pcs Cardamom,1 pc Bay leaf,3/4 pcs Cloves,1 tsp Cumin,1 tsp Turmeric powder,1/2 tsp Red chili powder,2 tbsp Vegetable/soybean oil,To taste Salt",,"500,200,40,5,5,3.5,2.5,1,2.5,5,2.5,1,30",0,0,1,1,1,231.02,12.86,16.73,12.88,2.69
Beef Chili,,6,30,30,"300 gm Beef (Boneless)',1 cup Broccoli,1/2 cup Capsicum,1/2 cup Onion,2/3 pcs Sliced green chilies,1 tbsp Soy sauce,1 tbsp Tomato sauce,2/3 pcs Dried red chili,1/2 tsp each Ginger-garlic pastes,1/2 tsp Sugar,2 pcs Tomato,1/2 tsp Black pepper
2 tbsp Vegetable/soybean oil,1 tsp Cornflour,To taste Salt,1 tbsp Chopped green onion",,"300,90,75,75,8,15,15,4,2.5,2.5,240,1,30,2.5,3,15",0,0,1,0,1,198.11,6.18,14.15,14.53,1.27
Khashir Mangsho Alu Diye,,6,15,45,"1 kg Mutton,4 pcs Potato,1/2 cup Chopped onion,1 tsp each Ginger-garlic paste,1 tsp Cumin powder,1 tbsp Red chili powder,1/2 tsp Mace-nutmeg paate,1 tsp Papaya paste,1 tsp Turmeric powder,As required Roasted spices powder (Cinnamon, cardamom & cumin),1/2 cup Vegetable/soybean oil,To taste Salt,2 pcs Bay leaves,4 pcs Cloves,1/2 tsp each Cinnamon-cardamom powders",,"1000,800,75,5,2.5,15,2.5,5,2.5,5,120,5,2,4,2.5,2.5






",0,0,1,0,1,781.3,25.26,44.48,57.04,3.73
Ol Diye Ilish Mach,,4,20,30,"4 pcs Hilsa fish,1 kg Arum,8/10 pcs Green chilies,2 tbsp Chopped onion,1/4 cup Oil,1/2 tsp Turmeric powder,To taste Salt",,"400,1000,32,30,60,2.5,5





",0,0,1,0,1,560.5,27.27,29.25,38.3,3.7
Ilish Lej Vorta,,4,10,20,"4 pcs Hilsa tail,4/5 pcs Dried red chilies,2 pcs Chopped green chilies,1/4 cup Chopped onion,3 tbsp Mustard oil,To taste Salt",,"400,5,8,30,45,5",0,0,1,0,1,423.5,2.88,25.52,34.63,0.91
Pui Shak Ilish Matha,,4,20,30,"1 pc Hilsha fish head,500 gm Malabar spinach,2 tbsp Chopped onion,6/7 pcs Green chilies,2 tbsp Oil,1 tsp Turmeric powder,To taste Salt",,"300,500,30,28,30,5,5",0,0,1,0,1,252.95,6.02,15,19.43,3.07
Kachkola Ilisher Jhol,,4,10,25,"500 gm Green banana,4 pcs Hilsa fish,2 tbsp Chopped onion,5/6 pcs Green chilies,2 tbsp Oil,1 tsp Turmeric powder,To taste Salt",,"500,400,30,20,30,5,5",0,0,1,0,1,495.45,30.27,26.63,30.93,3.7
Begun Chingri,,4,10,30,"1 pc (Medium in size) Egg plant,8/10 pcs (Large in size) Prawns,2 tbsp Chopped onion,7/8 pcs Green chilies,1 pc (Medium in size) Potatoes,1 tsp Mustard paste,1 tsp Turmeric powder,2 tbsp Oil,To taste Salt",,"250,200,30,20,200,5,5,30,5",0,0,1,0,1,185.08,12.69,16.19,8.62,2.78
Macher Kabab,,6,20,20,"4 pcs Fish,150 gm Boiled mashed potato,1 tbsp Fried onion,1 tsp Chopped green chilies,1 tbsp Chopped coriander leaves,1/2 tsp Cumin powder,1/2 tsp Coriander powder,1/2 tsp Garam masala powder,1/2 tsp Red chili powder,1 tsp Ginger-garlic paste,To taste Salt,1/2 Beaten egg,To fry Oil",,"800,150,15,5,15,2.5,2.5,2.5,2.5,5,5,25,100",0,0,1,1,1,219.29,6.51,16.51,13.92,1.02
Lau Chingri,,4,10,20,"1 medium size Bottle gourd,1/2 of a large size Potato,100 gm Prawn,2 tbsp Chopped onion,5/6 pcs Green chilies,To taste Salt,1/2 tsp Turmeric powder,1/2 tsp Cumin powder,2 tbsp Oil",,"300,75,100,30,10,5,2.5,2.5,30",0,0,1,0,1,149.47,13.43,7.77,8.04,2.55
Rui Macher Vuna,,6,15,30,"8 pcs Rohu fish,1 cup Chopped onion,1 tsp each Ginger-garlic pastes,1 tsp Cumin powder,1 tsp Coriander powder,1/2 tsp Cinnamon-cardamom powder,1 tbsp Red chili powder,1 tsp Turmeric powder,1/2 cup Oil,6-7 pcs Green chilies,1 pc Tomato,As required Coriander leaves,To taste Salt,2 pcs Bay leaves",,"1000,150,10,2.5,2.5,2.5,15,2.5,120,20,100,10,5,1",0,0,1,0,1,335.59,5.9,26.42,23.47,2
Makha Ilish,,6,10,15,"6 pcs Hilsa fish,1 cup Chopped onion,5/6 pcs Green chilies,3 tbsp Mustard oil,1/2 tsp Turmeric powder,To taste Salt",,"1200,150,20,45,2.5,5",0,0,1,0,1,386.27,2.3,25.29,30.54,0.46
Borboti Chingri Vorta,,4,20,20,"250 gm Long beans,100 gm Shrimps,2 tbsp Chopped onion,7-8 pcs Green chilies,5-6 pcs Garlic,1/4 tsp Cumin,1 tbsp Mustard oil,1 tbsp Cooking oil,To taste Salt",,"250,100,30,30,10,1.25,15,15,5",0,0,1,0,1,131.18,7.61,8.18,8.05,2.09
Echor Chingri Recipe,,6,30,45,"500 gm Raw Jackfruit,200 gm Prawn/shrimp,1/3 cup Chopped onion,1 tsp each Ginger-garlic pastes,1 tsp Cumin powder,1 tsp Red chili powder,1 tsp Turmeric powder,2 Pcs Cinnamon,3 Pcs Cardamom,1 pc Bay leaf,3 Pcs Cloves,1/2 tsp Roasted garam masala powder,1/3 cup Vegetable/soybean oil,To taste Salt,1 tsp Sugar (optional)",,"500,200,40,5,5,2.5,2.5,2.5,2,3,1,3,0.5,80,5,5",0,0,1,0,1,253,24.54,10.04,14.63,4.56
Mola Chorchori,,4,10,15,"200 gm Mourala/Mola Fish,2 pcs Potato,1/2 cup Chopped onion,6/7 pcs Green chili slices,2 pcs Tomato slice,2 tbsp Vegetable/soybean oil,1 tbsp Mustard oil,1 tbsp Coriander leaves,To taste Salt,1 tsp Turmeric powder",,"200,300,75,28,100,30,15,5,5,5",0,0,1,0,1,227.59,18.1,11.17,12.42,2.14
Vapa Ilish,,4,20,10,"4 pcs Hilsa fish,1 cup Chopped Onions,5/6 pcs Green chilies sliced,1/3 cup Mustard oil,1 tsp Mustard paste,1/2 tsp Turmeric powder,To taste Salt",,"1000,150,28,80,5,2.5,5",0,0,1,0,1,508.1,3.8,25.77,43.51,0.84
Dharosh Chingri Chorchori,,4,10,20,"500 gm Okra, cut into 1,1/2 cup Shrimp, medium or small in size,2 tbsp Chopped onions,5-7 pcs Green chilies,1/2 tsp Turmeric powder,To taste Salt,1 tsp Cumin powder,2 tbsp Vegetable/soybean oil",,"500,75,30,28,2.5,5,5,30",0,0,1,0,1,155.31,10.73,11.92,8.36,4.44
Masala Fish Fry,,2,15,20,"1 pc Any boneless fish like telapia, coral (Whole, 250 gm),1/2 tsp Garlic paste,1/2 tsp Ginger paste,1 pinch Black pepper powder,1 tsp Soya sauce,1/2 tsp Dried red chili powder,1/2 tsp Lemon juice,1 tsp Corn flour,1/3 cup Vegetable/soyabean oil to fry,To taste Salt",,"250,2.5,2.5,0.2,5,2.5,2.5,5,80,5





",0,0,1,0,1,491.44,3.78,25.55,42.33,0.45
Rui Machher Kalia,,10,10,20,"10 pcs Rohu fish,1/2 cup Chopped onion,1 tbsp each Ginger-garlic paste,1 pc Cinnamon,1 pc Cardamom,1 tbsp Cumin powder,1 tsp Coriander powder,1 tbsp Dried red chili powder,1tsp Turmeric powder,1/3 cup Vagetable/Soybean oil,2 pcs Tomato,5/6 pcs Green chili,To taste Salt",,"1000,75,15,2.5,0.5,15,5,15,5,80,150,24,5",0,0,1,0,1,189.22,4.01,19.84,10.71,1.36
Palong Chingri,,4,15,20,"600 gm Spinach,200 gm Shrimps,2 tbsp Chopped onion,4/5 pcs Green chilies,1 tsp Turmeric powder,2 tbsp Vegetable/Soybean oil,To taste Salt",,"600,200,30,20,5,30,5",0,0,1,0,1,150.75,7,15,8,3.45
Begun Diye Rui Machh,,6,10,20,"500 gm Eggplant/aubergine/brinjal,5/6 pcs Rohu fish,2 tbsp Chopped onion,5-7 pcs Green chilies,1 tsp Turmeric powder,1 tsp Mustard paste,2 pcs Tomato,2 tbsp Vegetable/soybean oil,To taste Salt",,"500,500,30,25,5,5,200,30,5",0,0,1,0,1,207.83,8.15,24.6,9.97,3.3
Fish Finger,,4,45,15,"300 gm fBoneless fish,1/2 tsp each Ginger-garlic pastes,1 tsp Soy sauce,1 tsp Red chili powder,Just a pinch Black pepper,1/2 tsp Lemon juice,1 pcs Egg,1/4 cup Wheat flour,1/2 cup Breadcrumb,To deep fry Oil,To taste Salt",,"300,2.5,2.5,5,5,1,2.5,50,30,50,200,5",0,0,1,1,1,210,17.2,18.55,7.15,0.95
Shim Shorputir Jhol,,6,20,30,"500 gm Bean,500 gm Puntius Fish,2 tbsp Chopped onion,5/7 pcs Sliced green chili,1 tsp Turmeric powder,1/2 tsp Mustard paste,2 pcs Tomato,2 tbsp Vegetable/soybean oil,To taste Salt,1 pc Potato (Big, optional)",,"500,500,30,20,5,2.5,200,30,5,300





",0,0,1,0,1,203.83,14.9,22.94,6.63,4.08
Puishak Chingri,,4,15,15,"500 gm Malabar spinach,200 gm Small shrimp,2 tbsp Chopped onion,5-6 pcs Sliced green chili,1 tsp Turmeric powder,To taste Salt",,"500,200,30,20,5,5",0,0,1,0,1,84.75,7.98,12.78,1.13,2.55
Parshe Macher Chochchori,,4,10,15,"7/8 pcs Parshe fish (Mullet),1 pc Potato, medium in size,1/2 cup Chopped onion,6/7 pcs Green chili slices,2 pcs Tomato slices,1 tbsp Coriander leaves (Optional),2 tbsp Mustard oil,1 tsp Turmeric powder,To taste Salt",,"500,200,75,25,150,15,30,5,5",0,0,1,0,1,266.75,12.93,29.35,13.28,2.38
Rui Machher Jhol,,4,15,30,"2 pcs Potato (medium size),4 pcs Rohu fish,12/15 pcs Kumra Bori (Pellets made locally with dal & ash gourd),½ cup Chopped onion,1 tsp Cumin powder,½ tbsp Red chilli powder,½ tsp Turmeric powder,½ cup Oil,2 pcs Tomato,½ tsp Roasted cumin powder,Salt to taste",,"200,800,100,75,5,7.5,2.5,120,200,2.5,5",0,0,1,0,1,587.75,37.2,36.48,35.15,5.8
Sorisha Ilish,,4,30,15,"4 pcs Hilsa fish,3 tbsp Mustard oil,1 tbsp Mustard paste,1/2 cup Chopped onion,5-6 pcs Green chili slice,2 tsp Turmeric powder,To taste Salt",,"800,45,15,75,20,10,5",0,0,1,0,1,417.25,4,35.35,28.58,1.25
Hilsa Fish Fry,,3,20,15,"3 pcs Hilsa fish pieces,1/2 tsp Turmeric powder,1/2 tsp Dried red chili powder,1/2 tsp or to taste Salt,1/4 cup Chopped onion,2-3 pcs Sliced Green chili,1 tbsp Vegetable/soyabean oil",,"450,2.5,2.5,2.5,40,8,15",0,0,1,0,1,355.5,2.33,34.83,22.33,0.82
Egg Salad,,2,10,10,"2 pcs eggs,1 pc Cucumber,1 pc Tomato,2 tbsp Chopped onion,1 pc Chopped green chili,1 tbsp Chopped coriander leaves,2 tbsp Lemon juice,1 tbsp Olive oil,1 tbsp Mayonnaise,1/2 tbsp Black pepper powder,To taste Salt,1/2 cup Cabbage/Capsicum",,"100,200,150,30,4,15,30,15,15,7.5,5,50",1,1,1,1,1,220,12.1,8.05,17,2.48
Crispy Egg Ball,,4,20,20,"2 pcs Grated boiled eggs,1 tbsp Finely chopped onion,1 tsp Chopped green chilies,1 tsp Chopped coriander leaves,1 tbsp Chopped capsicum,To taste Salt,1/2 tsp Roasted coriander powder,1/2 tsp Roasted cumin powder,1 tbsp Corn flour,1 tbsp Gram flour,1/2 tsp,Red chili powder,A pinch Italian mixed herbs,To fry Oil",,"100,15,4,5,15,5,2.5,2.5,15,15,2.5,0.5,100",1,0,0,1,0,80.5,4.44,3.85,5.47,0.69
Dimer Barfi,,4,10,20,"4 pcs egg,1 cup Liquid milk,1/2 cup Milk powder,1/2 cup Ghee,1 cup Sugar,Just a pinch Salt,1 tbsp Semolina,1/2 tsp Cardamom powder",,"200,240,60,120,200,0.5,15,2.5",1,0,0,1,0,618,67.9,12.88,34.25,0.18
Milk Egg Caramel Pudding ,,4,20,30,"2 pcs Egg,3/4 cup Sugar,1 cup Milk,1/2 tsp Vanilla essence",,"100,150,240,2.5",1,0,0,1,0,218.63,41,5.15,4.48,0
Dim Alur Curry,,6,15,30,"4 pcs Egg,2 pcs Potato (Medium size),2 tbsp Chopped onion,1 tsp Garlic paste,1 tsp Dried red chili powder,1 tsp Cumin powder,1 tsp Turmeric powder,1 tsp Sugar,2 tbsp Vegetable/soyabean oil,2 cups Coconut milk,4-5 pcs Green chilies (Optional),To taste Salt,1 pc Bay leaf,2 pcs Cinnamon,1 pc Cardamom",,"200,200,30,5,5,5,5,5,30,480,20,5,1,2,1",1,0,1,0,1,235.83,16.92,6.72,18.45,1.82
Dim Vuna,,10,15,20,"10 pcs Egg,2 cups Coconut milk,1/2 cup Chopped onion,1 tsp Garlic paste,2 tsp Cumin powder,1 tsp Dried red chili powder,1/2 tsp Turmeric powder,1 pc Cinnamon,1 pc Cardamom,1 pc Bay leaf,4-5 pcs Green chili,3 tbsp Vegetable/Soybean oil,1 tsp Crispy fried onion (beresta, optional),To taste Sugar,To taste Salt",,"500,480,60,5,10,5,2.5,1,0.5,1,20,45,2,5,5",1,0,1,0,1,178.1,3.38,7.29,14.83,0.57
Lau Chhechki,,5,15,15,"1 pc Bottle gourd (Medium size),1/2 cup Chopped onion,1 tbsp Chopped garlic,5-6 pcs Sliced green chili,2 pcs Bay leaf,1 tsp Whole cumin,2 pcs Egg,1 tsp Turmeric powder,3 tbsp Vegetable/soybean oil,To taste Salt",,"600,60,10,20,2,5,100,5,45,5",1,0,1,0,1,133.2,7.92,3.56,10.38,1.22
Mishti Alur Roshbora,,6,20,30,"2 large size Sweet potatoes,2 tbsp Milk powder,2 tbsp Semolina,1/4 tsp Baking soda,1 tsp Ghee,2 pcs Cardamom,1 cup Jaggery,2 cups Water,For deep frying Oil",,"400,15,20,1.25,5,1,200,480,300

",1,0,0,1,0,279.42,53.87,2.85,6.72,2.23
Langcha,,6,20,20,"1 cup Milk powder,1 pc Egg,2 tbsp Semolina,2 tsp Flour,1/2 tsp Baking powder,2 tbsp Ghee,1 and 1/2 cups Sugar,To deep fry Oil,4 cups Water,1 pc Cardamom",,"120,50,30,10,2.5,30,300,300,960,0.5",1,0,0,1,0,417.67,70.02,7.22,13.88,0.23
Dark Chocolate Cake,,4,20,30,"2 pcs eggs,2/3 cup Sugar,1/4 cup Butter,100 gm Dark chocolate,1/2 cup Flour,1/4 cup Cocoa powder,1/2 tsp baking powder,Just a pinch Salt",,"100,135,57,100,60,30,2.5,0.5",1,0,0,1,0,469.75,60.25,7.53,24.1,5.2
Coconut Laddu,,4,10,20,"1 and 1/2 cup Shredded coconut,1 cup Sugarcane jaggery,1/4 tsp Cardamom powder",,"120,150,1.25",1,0,0,1,0,350.5,56.1,1.88,15.38,4.15
Mishti Doi,,4,10,20,"3 cups Milk,1/2 cup Sugar,1/2 cup Sour yogurt",,"720,100,120",1,0,0,1,0,,,,,
Puli Pitha,,6,30,20,"1 and 1/2 cup Shreded coconut,1/2 cup Sugar,2 pcs Cinnamon,1 pc Cardamom,1 cup Rice flour,1/2 cup Wheat flour,To deep fry Oil",,"150,100,5,2,120,60,500",1,0,0,1,0,,,,,
Sabudana Halwa,,3,10,30,"200 gm sago,1/3 cup Sugar,2 tbsp Ghee,6/7 pcs Cashew nuts,2 pcs Cinnamon,2 pcs Cardamom,Just a pinch Food color",,"200,67,30,12,5,4,1",1,0,0,1,0,,,,,
Vanilla Cup Cake,,6,20,30,"1/2 cup Flour,1/2 cup Sugar,2 tbsp Powder milk,2 pcs Eggs,2 tbsp Oil,1/2 tsp Baking powder,1/2 tsp Vanilla essence",,"60,100,30,136,30,2.5,2.5",1,0,0,1,0,,,,,
Rasmalai,,4,20,15,"1 and 1/2 cup Milk powder,3 cup Liquid milk,1/4 tsp Cardamom powder,1/2 cup Sugar,1/2 tsp Baking powder,1tbsp Ghee,1 pc Egg",,"180,720,1.25,100,2.5,15,50",1,0,0,1,0,,,,,
Falooda,,4,15,40,"1/2 cup Sago,2 cups Milk,1 and 1/2 cup Sugar,2 tsp Agar agar powder,2 tsp Milk powder,As required Food colors",,"90,480,300,10,10",1,0,0,1,0,,,,,
Chhanar Jilapi,,6,30,30,"1 and 1/2 liters Liquid milk,5 tsp Flour,2 tsp Milk powder,2 tsp Semolina,1/2 tsp Baking powder,1 tsp Ghee,1/4 tsp Cardamom powder,1 and 1/2 cups Sugar,1 cup Water,To fry Oil,1/2 cup Plain yogurt",,"1500,25,10,10,2.5,5,1.25,300,240,120",1,0,0,1,0,,,,,
Mohabbat Ka Sharbat,,2,30,10,"As required Sago,1/4 cup Sugar,1/4 cup Water,1/2 tsp Rose water,A drop Food color,2 cups Cold liquid milk,As required Watermelon cubes",,"50,50,60,2.5,1,480,50",1,0,0,1,0,,,,,
Balushai Mishti,,4,15,30,"1 and 1/2 cup Flour,1/4 cup Ghee,1/2 tsp Baking powder,1 cup Sugar,1 pc Cardamom,To fry Oil",,"180,60,2.5,200,1,100",1,0,0,1,0,,,,,
Dudh Semai,,4,10,30,"200 gm Vermicelli,1 liter Liquid milk,As required Dry nuts & raisins,2 tbsp Ghee,1/2 cup Sugar
1/2 tsp Cinnamon-cardamom powder,Just a pinch Salt",,"200,1000,30,100,2.5,1",1,0,0,1,0,,,,,
Roshogolla,,5,40,50,"1 and 1/2 liter Full cream liquid milk,1/2 cup Yogurt,1 cup Sugar,1 tsp Milk powder,2 tbsp Flour,Just a pinch Cardamom powder",,"1500,125,200,5,30,0.5",1,0,0,1,0,,,,,
Nolen Gurer Payesh,,6,10,20,"1/3 cup Aromatic rice (Kalojeera/Chinigura),1 liter Milk,1/2 cup New jaggery,2 pcs Cinnamon,2 pcs Cardamom,4-5 pcs Raisin,Just a pinch Salt (Optional)",,"65,1000,100,5,1,4,0.5",1,0,0,1,0,,,,,
Thai Soup,,6,10,20,"1 pc Egg,1/4 cup Tomato ketchup,1/4 cup Red chili sauce,1 tsp Black pepper powder,2 tsp Sugar,3 tbsp Corn flour,1 tbsp Butter,100 gm Chicken,100 gm Prawn,100 gm Mushroom,3 sticks Lemon grass,30 gm Thai ginger/ginger slice,1/2 tsp Chopped Garlic,1 tsp Soy sauce,1 tsp Oyster sauce,1 tbsp Red chili paste,2 tbsp Lemon juice,2 tsp Salt,As required Chopped coriander leaves",,"50,60,60,5,10,45,15,100,100,100,15,30,2.5,5,5,15,30,10,5",0,0,0,1,0,,,,,
Potato Cheese Balls,,4,15,20,"1 cup Boiled potato,1 tbsp Chopped onion,1/2 tsp Chopped green chilies,1 tbsp Chopped coriander leaves,1/4 tsp Chili flakes,1/4 tsp Black pepper powder,2 tbsp Grated cheese,1/4 tsp Italian mixed herbs,To taste or 1 tsp Salt,To deep fry Oil",,"200,15,2.5,15,1.25,1.25,30,1.25,5",1,0,0,1,0,,,,,
Muri Vaja,,4,10,15,"2 cups Puffed rice,1 tbsp Chopped onion,1/2 tsp Chopped garlic,2 tbsp Mustard oil,1/2 tsp Chopped ginger,1/4 tsp Turmeric powder,Just a pinch/ 1 pcs Salt,1/2 tsp Chopped green chilies",,"60,15,2.5,30,2.5,1.25,5,2.5",1,0,0,1,0,,,,,
Sujir Biscuit Pitha,,4,10,20,"1 cup Semolina,2 tbsp Milk powder,1/2 cup Sugar,1/4 tsp Salt,1 tsp Ghee,To fry Oil",,"200,30,100,1.25,5,100",1,0,0,1,0,,,,,
Piyaji,,4,150,30,"1 cup Mixed dals,1 cup Chopped onion,2 tbsp Chopped green chilies,To taste Salt,1/2 tsp Turmeric powder,To fry Oil",,"200,150,30,2.5,100",1,0,0,1,0,,,,,
Chinese Vegetables,,4,10,30,"500 gm Vegetables (Broccoli. Chinese cabbage & bok choy),1/2 tsp Chopped Garlic,2/3 pcs Dried red chili,3/4 pcs Chopped green chilies,1/2 cup Chopped onion,2 tbsp Oil,1/2 tsp Black pepper powder,To taste Salt,2 tbsp Corn flour,To taste Sugar",,"500,2.5,2,3,75,30,2.5,5,30,5",1,0,1,0,1,,,,,
Masala Dudh Cha,,2,5,10,"1 Cup Cow milk,1 tbsp Tea,1 tbsp or to taste Sugar,1 pc Cardamom,2 pcs Cloves,2 pcs Cinnamon,2 pcs Black pepper,1 cup Water,2 slice Ginger,1 pc Bay leaf",,"240,15,15,1,1,2,0.5,240,10,1",1,0,0,1,0,,,,,
Alu Pakora,,4,15,20,"1 cup Finely chopped potato,2 tbsp Chopped onion,1 tsp Chopped green chili,1/2 tsp Ginger paste,1/4 tsp Roasted cumin powder,1/4 tsp Roasted coriander powder,1 tsp Chopped coriander leaves,3 tsp+1 tsp Gram flour,To taste Salt",,"150,30,5,2.5,1.25,1.25,5,20,5",1,0,0,1,0,,,,,
Alur Chop,,6,30,30,"1 and 1/2 cup Gram flour,3 tbsp Rice flour,1 tbsp Corn flour,1 tsp Ginger-garlic paste,1/2 tsp Roasted cumin powder,1 tsp Roasted coriander powder,1 tsp Red chili powder,To taste Salt",,"180,45,15,5,2.5,5,5,5",1,0,0,1,0,,,,,
Hot Tomato Ketchup,,6,15,45,"1 kg Tomato,1 tbsp Chopped onion,3 cloves Garlic,1 tsp or to taste Sugar,To taste Salt,1 tsp Red chili powder,1/4 tsp Cinnamon powder,1/4 tsp Cloves powder,2 tbsp Vinegar,1 tsp Corn flour",,"1000,15,9,5,5,5,1.25,1.25,30,5",1,0,0,1,0,,,,,
Badhakopir Pakora,,4,15,15,"1 cup Finely chopped cabbage,1/2 cup Grated carrots,2 tbsp Chopped onion,1 tbsp Chopped green chilies,2 tbsp Chopped coriander leaves,1/2 tsp each Ginger-garlic pastes,1/2 tbsp Roasted cumin powder,1/2 tsp Roasted coriander powder,1 tbsp Corn flour,1/2 cup Gram flour,To taste Salt,1/2 tsp each Oregano-parsley (optional),To deep fry Vegetable/soybean oil",,"100,50,30,15,15,2.5,7.5,2.5,15,50,5,2.5,2.5,200",1,0,0,1,0,,,,,
Crispy Beguni,,6,20,20,"1 pc Brinjal/eggplant/aubergine,1 cup Gram flour,1 tbsp Rice flour,1 tbsp Corn flour,1/2 tsp Ginger paste,1/2 tsp Garlic paste,1/2 tsp Roasted cumin powder,1/2 tsp Roasted coriander powder,1 tsp Dried red chili powder,To deep fry Vegetable oil,To taste Salt,1 tsp Vegetable oil",,"200,120,15,15,2.5,2.5,2.5,2.5,5,200,5,5",1,0,0,1,0,,,,,
Chinese Vegetable with Chicken,,4,20,20,"1/2 cup Boneless chicken,1/4 tsp Ginger paste,1/4 tsp Garlic paste,1 & 1/2 tsp Soy sauce,3/4 tsp Black pepper powder,1 cup Sliced carrot,1 cup Cauliflower pieces,1 & 1/2 cup Chopped cabbage,3 tbsp Vegetable/soybean oil,1 pc Egg,1 tsp Tomato sauce,2 pcs Onion, cube-cut,4-5 pcs Green chili, chopped,2 tbsp Corn flour,As per requirement Water,To taste Salt,To taste Sugar, optional,As per requirement Chopped spring onion, optional",,"100,1.25,1.25,7.5,3.75,120,100,150,45,50,5,200,20,30,240,5,5,50",0,0,1,0,1,,,,,
Vegetable Egg Noodles,,2,15,30,"250 gm Stick noodles,2 pcs Egg,1/2 cup Chopped carrot,1/2 cup Chopped cauliflower,1/2 cup Chopped cabbage,1/3 cup Chopped bean,1/3 cup Chopped onion,2-3 pcs Sliced or chopped green chilies,1 tsp Minced garlic,3 tbsp Vegetable/Soybean oil,1/2 tsp Crushed black pepper or powder,1 tsp Ajinomoto/tasting salt (optional),1 tbsp Soy sauce,To taste Salt,1 tsp Sugar (optionanl)",,"250,100,50,50,50,33,33,10,5,45,2.5,5,15,5,5",1,1,1,1,1,,,,,
Mix Veg,,4,15,20,"500 gm Seasonal mixed vegetables,1 tsp Special spices mix (Panch foron),2 pcs Bay leaves,2 pcs Cardamom,3 pcs Cinnamon,3 pcs Green chili,4 pcs Dried red chili,1/2 tsp Cumin powder,1/2 tsp Turmeric powder,1/2 tso Ginger paste,1 tsp Sugar,1/2 tbsp Corn flower,3 tbsp Vegetable/Soybean oil,To taste Salt",,"500,5,2,2,3,12,8,2.5,2.5,2.5,5,7.5,45,5",1,1,1,1,1,,,,,
Kacha Aam Vorta,,4,15,10,"2 pcs Green mango,1 tsp Whole Mustard,2/3 pcs Green chilli,To taste Salt,To taste Sugar,1/2 pcs Dried red chili,To taste Black salt",,"400,5,6,5,5,2,2",1,0,0,1,0,,,,,
Fulkopir Pakora,,6,15,15,"1 pc Cauliflower, medium size,1 cup Gram flour,1 tbsp Corn flour,1 tsp Ginger paste,1/2 tsp Garlic paste,1/2 tsp Cumin powder,1/2 tsp Roasted coriander powder,1 tsp Dried red chili powder,To taste Salt,To deep fry Vegetable/soybean oil",,"500,100,15,5,2.5,2.5,2.5,5,200",1,0,0,1,0,,,,,
Jhura Nimki,,6,20,30,"1 cup Wheat flour,1 tbsp Vegetable/soybean oil,1 tsp Black cumin,1/2 tsp Dried red chili powder,2 cups Vegetable/soybean oil to fry,As per requirement Water,To taste Salt",,"120,15,5,2.5,200,100,5",1,0,0,1,0,,,,,
Fulcopir Data,,4,15,30,"200 gm Cauliflower stem,1 pc Brinjal,1 pc Raw banana,1 pc Potato,1/2 cup Pumpkin,1 tbsp Chopped onion,1 tsp Chopped garlic,1 tsp Cumin,2 pcs Red chili,4/5 pcs Green chili,1 pc Bay leaf,1 tsp Turmeric powder,2 tbsp Oil,To taste Salt,4/5 pcs Bori",,"200,250,150,200,100,15,5,5,5,10,0.5,5,30,5,20",1,0,1,0,1,,,,,
Cholar Ghugni,,4,10,40,"500 gm Chickpeas,1/2 cup Chopped onion,4/5 pcs Garlic cloves,6/7 pcs Green chilies,1 tsp Turmeric powder,1/2 cup Oil,To taste Salt,1 medium in size Potato",,"500,75,20,15,5,120,5,200",1,0,0,1,0,,,,,
Sauteed Butter Garlic Mushrooms,,3,10,10,"1 can Canned mushroom,2 tbsp Butter,2 tsp Chopped garlic,1/2 tsp Chili flakes,1/2 cup Chopped onion,1/2 tsp Soy sauce,1 tsp Tomato sauce,1/4 tsp Black pepper powder,Just a pinch/to taste Salt,1/2 tsp Lemon juice",,"400,30,10,2.5,75,2.5,5,1.25,1,2.5",1,0,1,1,1,,,,,
Alur Dom,,4,10,30,"2 pcs (medium in size) Potatoes,1 tsp Chopped onion,5-6 pcs Green chilies,1/2 tsp Turmeric powder,To taste Salt,2 tbsp Oil",,"300,5,10,2.5,30,5",1,1,1,1,1,,,,,
Spicy Kashmiri Achar,,4,10,25,"2 pcs (medium in size) Green mango,1 cup Sugar,1/2 cup Vinegar,1 tbsp Ginger slices,1/2 tbsp Chopped dried red chilies,2 pcs Cinnamon,2 pcs Cardamom,3 pcs Cloves,To taste Salt,1 pc Bay leaf",,"400,200,120,15,7.5,4,1,1,5,0.5





",1,0,0,1,0,,,,,
Mug Dal Pepe Ghonto,,4,10,20,"1 cup Chopped papaya,1/2 cup Mung dal,2 tbsp Chopped onion,2 tbsp Chopped garlic,2 pcs Green chilies,1 pc Red chili,1/2 tsp Turmeric powder,2 tbsp Oil,To taste Salt,1/2 tsp Whole cumin",,"150,100,30,30,5,3,2.5,30,5,2.5",1,0,1,0,1,,,,,
Kochu Shak Ghonto,,4,30,30,"2 pcs Taro stem,1/2 cup Mashed prawns,2 tbsp Chopped onion,1 tbsp Chopped garlic,8-10 pcs Green chilies,2 pcs Bay leaves,1 tsp Turmeric powder,1/2 tsp Mustard paste,3 tbsp Oil,To taste Salt",,"200,100,30,15,15,2,5,2.5,45,5",1,0,1,0,1,,,,,
Amer Achar,,6,20,30,"1 kg Green mango,1 tsp each Ginger-garlic paste,250 gm Mustard oil,2 pcs Dried red chili,2 pcs Bay leaves,1/4 tsp Whole mustard,2 tbsp or as to taste Sugar,2 tsp Vinegar,To taste Salt,1 tsp Turmeric powder",,"1000,5,250,2,2,1.25,30,10,5,5",1,0,0,1,0,,,,,
Kacha Amer Shorbot,,4,10,10,"1 pc (large) Green mango,1 tsp or to taste Black salt/salt,1/2 tsp Roasted cumin powder,1 pc Roasted red chili,2 pcs or to taste Green chili,5/6 pcs Ice cube,2 tbsp or to taste Sugar,4 cups Water",,"250,5,2.5,8,2,100,30,1000",1,0,0,1,0,,,,,
Sojne Data,,6,10,25,"250 gm Drumstick,1 pc Potato (Medium size),2 tbsp Chopped onion,1 tsp Dried red chili powder,1 tsp Mustard paste,1/2 tsp Cumin powder,1 tsp Turmeric powder,2 pcs Tomato,2 tbsp Vegetable/soybean oil,To taste Salt",,"250,150,30,5,5,2.5,5,200,30,5",1,0,1,0,1,,,,,
Dhoniya Pata Jolpai Vorta,,4,15,15,"200 gm Cilantro/coriander leaves,1 pc Fresh olive pieces without seed,4 pcs/to taste Dried red chili,2 pcs/to taste Green chili,2 pcs Onion, medium, cube-cut,4 pcs Garlic cloves, large,1 tbsp Mustard oil,1/2 tsp Cumin powder, optional,To taste Salt",,"200,50,8,10,200,12,15,2.5,5",1,0,0,1,0,,,,,
Jolpai Achar,,2,15,30,"1/2 kg Olive,1 cup Mustard oil,1 tsp Whole punch foron (Five spices mix),1/2 tsp Ginger paste,1/2 tsp Garlic paste,1 tsp Roasted cumin powder,1/2 tsp Whole mustard,2 tbsp Jaggery/sugar,1 tbsp Vinegar,1 tsp Turmeric powder,2 pcs Bay leaves,5-6 pcs Dried red chilies,1/2 tsp Roasted punch foron powder,To taste Chili powder,To taste Salt",,"500,240,5,2.5,2.5,5,2.5,30,15,5,2,5,2.5,5",1,0,0,1,0,,,,,
Kanchkolar Chop,,4,10,30,"4 pcs Green banana,1/2 tsp each Ginger-garlic pastes,2 tbsp Fried onion,1 tsp Chopped green chilies,1/2 tsp Roasted coriander powder,1/2 tsp Cumin powder,Just a pinch Cardamom powder,As required Chopped coriander leaves,To taste Salt,2 tbsp Cornflour,To shallow fry Vegetable/soybean oil",,"400,2.5,2.5,30,5,2.5,2.5,0.5,10,5,15,50",1,0,0,1,0,,,,,
Oler Data Kathal Bichi,,4,15,20,"5-6 pcs Elephant arum stem,250 gm Jack fruit seeds,6-7 pcs Sliced green chilies,2 tbsp Chopped onion,2 pcs Cinnamon,2 pcs Cardamom,1 tsp Mustard paste,1/2 tsp Cumin powder,1/2 tsp each Ginger-garlic paste,1 tsp Turmeric powder,1/4 cup Vagetable/soybean Oil,To taste Salt,1 pc Bay leaf",,"300,250,10,30,2,1,5,2.5,2.5,5,60,5,0.5",1,0,1,0,1,,,,,
Kacha Aamer Chutney,,6,20,20,"2 pcs Green mango, big size,1/2 cup Jaggery,1/2 cup Mustard oil,1/2 tsp Ginger paste,1/2 tsp Garlic paste,2 tsp Roasted Five spices mix (Panch foron) powder,1 tsp Roasted cumin powder,1 tsp Roasted coriander powder,To taste Salt,1 tbsp Vinegar,1 tsp Dried red chili powder",,"400,100,120,2.5,2.5,10,5,5,5,15,5",1,0,0,1,0,,,,,
Boroi Chutney,,4,15,25,"500 gm Dried plum,1 cup Sugercane jaggery,1 tbsp Punch foron (Five spices mix),1 tsp Dried red chili powder,To taste Salt",,"500,150,15,5,5

",1,0,0,1,0,,,,,
Tetuler Shorbot,,4,15,10,"150 gm Tamarind,To taste Black salt,As required Roasted cumin powder,As required Red chili powder,To taste Sugar/jaggery,To taste Salt,As required Roasted coriander powder,4 cups Water",,"150,5,5,5,50,5,5,1000",1,0,0,1,0,,,,,
Pineapple Juice,,2,10,10,"2 cups Pineapple slice,2 tbsp Sugar,2 pcs Green chilies,1 tsp or to taste Black salt,3 cup Water,As required Ice",,"300,30,10,5,750,100





",1,0,0,1,0,,,,,